Dirección,Latitud,Longitud
"Calle Merced 830, Santiago 8320175 Chile",-33.4384124,-70.6488671
"Orrego Luco 0130 Ubicado entre Av. Andrés Bello y Av. Providencia, Santiago 7510115 Chile",-33.4280179,-70.6184062
"Pl. Egaña, 7790758 Ñuñoa, Región Metropolitana",-33.4526282,-70.5716941
"Avenida Cristobal Colon, 6809, Santiago 8320000 Chile",-33.4177136,-70.5583585
"Avenida Vitacura 5456, Santiago 7630629 Chile",-33.3949265,-70.5797546
"Teatinos 432, 8340349 Santiago, Región Metropolitana",-33.4386099,-70.6555314
"Bombero Nunez #231, Santiago 8420432 Chile",-33.4314265,-70.6395093
"Avenida Las Condes 8400, Santiago 7560300 Chile",-33.396594,-70.5503613
"Dr. Johow 889-a, Ñuñoa, Región Metropolitana",-33.463406,-70.5944147
"Huerfanos 3020, Santiago, Santiago 8350526 Chile",-33.4424818,-70.6768279
"Providencia 2546, Santiago 8320000 Chile",-33.41891,-70.6037383
"Av. Pedro de Valdivia 0129, 7501012 Providencia, Región Metropolitana",-33.4224167,-70.61324
"Presidente Kennedy 5413 Mall Parque Arauco, Santiago 8320000 Chile",-33.4019302,-70.5785698
"Avenida Andrés Bello 2447 Local 512 (Mall Costanera Center), Santiago 8320000 Chile",-33.4178145,-70.6077984
"Avenida Apoquindo 3161 Local 17, Santiago 7550217 Chile",-33.4171937,-70.5966023
"Santa Isabel 429, Santiago Chile",-33.44639,-70.62551
"Holanda 3362, 7790927 Ñuñoa, Región Metropolitana",-33.4494341,-70.5956983
"Esmeralda 716, 8320049 Santiago, Región Metropolitana",-33.4347095,-70.6477905
"Av Vitacura 5480, 7630628 Vitacura, Región Metropolitana",-33.3942658,-70.5790152
"Los Piñones 43, Santiago 8320000 Chile",-33.4283616,-70.6259084
"Av. Italia 1228 Esquina Santa Isabel, Santiago 4810721 Chile",-33.445953,-70.625076
"Avenida Italia 1423 Providencia, Santiago 7501464 Chile",-33.447662,-70.625001
"Av. Los Conquistadores 2248 Providencia, Santiago 8320000 Chile",-33.4174719,-70.6139415
"Av. Chicureo 3100 Strip Center Valle Hermoso, Colina, local 15, Santiago 8320000 Chile",-33.2868241,-70.6691988
"San Ignacio De Loyola 30, Santiago 8330180 Chile",-33.4461918,-70.6570903
"avda pdte kennedy 5413 pque Arauco, Santiago Chile",-33.4019302,-70.5785698
"Avenida Providencia 1467, Santiago 7500564 Chile",-33.427994,-70.6178745
"Avenida Andres Bello 2447 Mall Costanera Center, Santiago 7510689 Chile",-33.4179935,-70.6063901
"Isidora Goyenechea 3000 S-101 Plaza Perú, Santiago 7550653 Chile",-33.4146939,-70.5970295
Pedro Aguirre Cerda #50,-33.4940753,-70.6764992
"Santa Magdalena,134, Santiago Chile",-33.4202668,-70.609997
"Huerfanos 1460 Intendente Cousiño 263, Santiago 8340431 Chile",-33.4405223,-70.6572757
"Las Catalpas 1522, 7630578 Santiago, Vitacura, Región Metropolitana",-33.4066621,-70.5984939
"Antonia lopez de Bello 743 Local 235, Santiago Chile",-33.4299292,-70.6489507
"Macul 2620, Santiago Chile",-33.4787127,-70.5987908
"Av. Francisco Bilbao 2512 Las Condes, entre calles Roger de Flor y Don Carlos, Santiago 7760000 Chile",-33.4362701,-70.5985083
"Las Urbinas 53, Santiago 7510093 Chile",-33.4222808,-70.6117332
"Av. Nueva Providencia 1346, 7500589 Providencia, Región Metropolitana",-33.428905,-70.61852
"Av. Padre Hurtado Sur 875, 7571626 Las Condes, Región Metropolitana",-33.4149579,-70.5406091
"Dentro de la plaza, del lado de - Av. Providencia 1669, 7500540 Providencia, Región Metropolitana",-33.4268493,-70.6153452
"Huerfanos 3025 Santiago Centro, Santiago Chile",-33.4423008,-70.6766815
"Pérez Valenzuela, 1687, Santiago 8320000 Chile",-33.423947,-70.6185424
"Avenida Italia 975, Santiago 7501184 Chile",-33.4437027,-70.6260698
"Julio Prado 765 Julio prado con, Dr. Torres Boonen, 7501072 Providencia, Región Metropolitana",-33.4397346,-70.6231002
"Avenida Ricardo Cumming 643, Santiago 8340300 Chile",-33.43742,-70.6684356
"Echeñique 4844, Ñuñoa El Taller Blanco, Santiago 7790389 Chile",-33.4464998,-70.5805028
"Avenida Apoquindo, 3910, Santiago 8320000 Chile",-33.4150644,-70.5895654
"Geronimo de Alderete 1595, Santiago 8320000 Chile",-33.3881258,-70.5642503
"Guardia Vieja 156, Providencia, Santiago Con intersección Calle Diego de Velasquez, Santiago Chile",-33.4240007,-70.610052
"Reyes Lavalle 3240 Near Metro El Golf - Las Condes, Santiago 7550142 Chile",-33.415655,-70.5964486
"Avenida Manuel Montt 183 Local 2 Providencia, Santiago 7500599 Chile",-33.4305078,-70.6194677
"Padre Alfredo Arteaga Barros 1831, Santiago 7690000 Chile",-33.3528671,-70.5103943
"Irarrázaval 689, Santiago Chile",-33.4531485,-70.6238362
"Antonia López de Bello 244 Barrio Bellavista, Santiago 8320000 Chile",-33.4317713,-70.6432426
"Las Urbinas 44/56, Santiago 8320000 Chile",-33.422617,-70.6121116
"Condell 1315, Providencia, Santiago 7500000 Chile",-33.4468596,-70.6260102
"Avenida Vitacura 3187, Santiago Chile",-33.4072594,-70.5993273
"Dr. Manuel Barros Borgoño 81 Barrio Manuel Montt, Santiago 7500000 Chile",-33.4296614,-70.6190048
"Av. Providencia 1984, 7500000 Providencia, Región Metropolitana",-33.4237087,-70.6128701
"Batlle y Ordonez 4385 Nunoa, Santiago 8320000 Chile",-33.4517655,-70.5850845
"Magdalena 181, Santiago 8320000 Chile",-33.4135184,-70.5935436
"Gral. Salvo 38, 7500 669, 7500669 Providencia, Región Metropolitana",-33.4334369,-70.625374
"Av. Vitacura 2727 DoubleTree by Hilton Hotel Santiago - Vitacura, Santiago 7550690 Chile",-33.4157816,-70.6039201
"Lo Marcoleta # 261, Quilicura 22, 6277625 Santiago, Región Metropolitana",-33.3580507,-70.7312413
"Costanera Sur S.J.E. de Balaguer 6400, 7640859 Vitacura, Región Metropolitana",-33.3816821,-70.579387
"Octava Avenida 1201 San Miguel, Santiago 8920441 Chile",-33.5104162,-70.6601808
"Irarrázaval 1820, Santiago 7750000 Chile",-33.4531416,-70.6120141
"Av. La Dehesa 3265, 7700239 Santiago, Lo Barnechea, Región Metropolitana",-33.3419768,-70.5209583
"General Holley 2368, Santiago 7510019 Chile",-33.4193825,-70.6074724
"Antonia López de Bello 307, 8420411 Recoleta, Región Metropolitana",-33.4315407,-70.6438592
"Av. Italia 1449, 7501464 Providencia, Región Metropolitana",-33.4478626,-70.6249557
"Ismael Valdes Vergara 490 Barrio Bellas Artes, Santiago 8320075 Chile",-33.435547,-70.643538
"Jose Miguel de La Barra 486, Santiago 8320110 Chile",-33.4367652,-70.6436824
"Holanda 067 Local 103, Santiago Chile",-33.4183862,-70.6040309
"Merced 483, Santiago 8320000 Chile",-33.4377063,-70.6440697
"Fresia 529, Santiago 8320000 Chile",-33.4919631,-70.7111435
"Avenida Providencia 1975, Santiago 22318941 Chile",-33.4241055,-70.6128145
"Merced 294 The Singular Hotels, Barrio Lastarria, Santiago 8320128 Chile",-33.4372601,-70.6407144
"Avenida General Bustamante 50, Santiago 7500776 Chile",-33.4386691,-70.6320877
"Mallinkrodt 170, Santiago 7520362 Chile",-33.4323852,-70.6337494
"Huerfanos 2460, Santiago Chile",-33.4418706,-70.6707918
"Avenida Tobalaba 1799, Santiago 7510447 Chile",-33.4293881,-70.5876901
"Profesora Amanda Labarca, 102, Santiago Chile",-33.4421661,-70.6556363
"Av. Manuel Montt 925, Santiago 7500981 Chile",-33.4365033,-70.6164707
"Isidora Goyenechea 2960 esquina San Sebastian, Santiago 7550057 Chile",-33.4139799,-70.5999095
"Av Manuel Montt 231, Santiago Chile",-33.4308241,-70.6191463
"Huelén 74 Providencia, Santiago 8320000 Chile",-33.4316352,-70.6228162
"Merced 537, Santiago Chile",-33.4377555,-70.6448413
"Avenida Presidente Kennedy 5413 CC Parque Arauco, Local 393, Santiago 7560994 Chile",-33.4021372,-70.5781786
"Jose Victorino Lastarria 307, Santiago 8320126 Chile",-33.4376773,-70.6409461
"Av. Nueva Providencia 2250, 7500000 Providencia, Región Metropolitana",-33.4217953,-70.6085618
"Avenida Presidente Kennedy 5413, Santiago 7550000 Chile",-33.4021372,-70.5781786
"Moneda 846, Santiago Chile",-33.4419455,-70.6485633
"Avenida Condell 868, Santiago 7500000 Chile",-33.4428235,-70.6267641
"Manuel Montt 748, 7500977 Providencia, Región Metropolitana",-33.4349707,-70.6163277
"Argomedo 60, Santiago 8330398 Chile",-33.4491517,-70.6328542
"Av. Andrés Bello 2233, Local 2217, 7510056 Providencia, Región Metropolitana",-33.4200683,-70.6104976
"Rio de Janeiro 248, Santiago 8420413 Chile",-33.4310149,-70.6435226
"Av Vitacura 3396 Casa9, Santiago 7630633 Chile",-33.4049367,-70.5976754
"Santa Isabel 0395 Sta Isabel esquina avda Condell. Barrio Italia, Santiago 7501504 Chile",-33.4470595,-70.630651
"Av. Italia 1139, 7501295 Santiago, Providencia, Región Metropolitana",-33.4451599,-70.6257315
"Rosal 361 Barrio Lastarria, Santiago 8320144 Chile",-33.438016,-70.64211
"Augusto Leguia Norte, 224, Santiago 8320000 Chile",-33.4133893,-70.5978873
"Constitución 125, 7520360 Santiago, Providencia, Región Metropolitana",-33.4329038,-70.6347585
"Santa Magdalena 116 Pasaje Interior, Santiago 7510057 Chile",-33.4203435,-70.6100205
"Av. Italia 1206, 7501297 Santiago, Providencia, Región Metropolitana",-33.445676,-70.625149
"Monjitas 460, 8320112 Santiago, Región Metropolitana",-33.4366926,-70.644074
"Costanera Sur S.J.E. de Balaguer 6400 Vitacura, Santiago 7640859 Chile",-33.3816821,-70.579387
"Baron Pierre de Coubertin 39, Santiago 8330021 Chile",-33.4401374,-70.6351842
"Avenida Manuel Montt 270, Santiago 7500591 Chile",-33.430828,-70.6187516
"Isidora Goyenechea 2908, 7550033 Las Condes, Región Metropolitana",-33.4137331,-70.6015799
"Providencia 2033, Santiago 7510148 Chile",-33.4233674,-70.6118118
"Camino Al Volcan 16829, Santiago Chile",-33.5884732,-70.38721
"José Miguel Claro 1802, Santiago Chile",-33.4455295,-70.6168514
"Blas Cañas 473 Esquina Carmen a 3 cuadras de metro Sta Lucia, Santiago 7500000 Chile",-33.4448879,-70.6423371
"Avenida Vitacura 3875, Santiago 7630000 Chile",-33.4005683,-70.5922715
"Isidora Goyenechea 2900, Santiago 7550033 Chile",-33.4138295,-70.6013605
"Nueva De Lyon 77, Santiago 8320000 Chile",-33.4209654,-70.6101809
"Nueva De Lyon 155 Esquina Andrés Bello, local 101, Santiago 7510078 Chile",-33.420399,-70.6107979
"Isidora Goyenechea 3141, 7550000 Las Condes, Región Metropolitana",-33.4145567,-70.5977005
"Miguel Claro 1873, 7501414 Providencia, Región Metropolitana",-33.4462054,-70.6170553
"Santa Magdalena 80 Local 7, Santiago 7500000 Chile",-33.4208133,-70.6099561
"Av Manuel Montt 191, Manuel Montt 195, Santiago, Región Metropolitana",-33.4305396,-70.6194551
"5600 Presidente Kennedy Avenue at the corner of Luis Carrera, Santiago 8320000 Chile",-33.5038886,-70.5870279
"Avenida Manuel Montt 1855, Santiago 7501332 Chile",-33.4447435,-70.6145691
"Av. Presidente Kennedy 5741 Dentro del Santiago Marriott Hotel, Santiago 8320000 Chile",-33.3999875,-70.5742745
"Av Presidente Kennedy 5741 Santiago Marriott Hotel, Santiago 8320000 Chile",-33.3999875,-70.5742745
"José Victorino Lastarria 70 Local 6, Santiago 8320152 Chile",-33.4394163,-70.6414319
"Avenida Jose Victorino Lastarria 276 Santiago Historico, Santiago Chile",-33.4384122,-70.641302
"Avenida Nueva Costanera 3664, Santiago 7630000 Chile",-33.4025086,-70.5986237
"Avenida Irarrazaval 3465 Ñuñoa, Santiago 7760050 Chile",-33.4555084,-70.5947707
Constitución 92,-33.4324922,-70.6348833
"Merced 294, Santiago 8320128 Chile",-33.4372519,-70.6407261
"Vitacura 2615, Santiago 7550191 Chile",-33.4169039,-70.6044963
"Av. Raúl Labbé 12559, Santiago 7690554 Chile",-33.3653921,-70.5156354
"Seminario 400, Santiago 8320000 Chile",-33.4461663,-70.6285341
"Merced 318, Santiago 8320310 Chile",-33.4373376,-70.6414825
"Av Vitacura 4873, Santiago, Vitacura, Región Metropolitana",-33.398398,-70.5852392
"Merced 565, Santiago 8320108 Chile",-33.4377743,-70.6451042
"Alameda 816 Hotel Plaza San Francisco, Santiago 8330097 Chile",-33.4437048,-70.6485232
"Isidora Goyenechea 3000, Las Condes W Santiago, Santiago Chile",-33.4139087,-70.5983986
"W Santiago, Isidora Goyenechea 3000, piso 4, 7550000 Las Condes, Región Metropolitana",-33.4137092,-70.598615
"Rosal 361 Barrio Lastarria, Santiago 8320144 Chile",-33.438016,-70.64211
"Holanda 160, 7510021 Providencia, Región Metropolitana",-33.4207379,-70.6033868
"Orrego Luco 54, Providencia, Región Metropolitana",-33.4228096,-70.612543
"Granaderos 1328, Santiago 7500594 Chile",-33.4310108,-70.6184495
"Jose Victorino Lastarria 282, Santiago 8320165 Chile",-33.438316,-70.641375
"2770 Roger De Flor, Santiago 7550179 Chile",-33.4165358,-70.601265
"Avenida Presidente Kennedy 4700 Vitacura, Santiago 7630454 Chile",-33.4025315,-70.5838084
"Dardignac 0192 Esquina con Mallinkrodt, Santiago 8320000 Chile",-33.4329077,-70.6335337
"Presidente Kennedy Avenue, 4601, 7560994, Región Metropolitana",-33.4043272,-70.5877604
"Orrego Luco 066, Santiago Chile",-33.422721,-70.6126474
"Alonso De Cordova 4248, Santiago 7630504 Chile",-33.4030507,-70.5886942
"Av. Ossa 123, 7870151 La Reina, Región Metropolitana",-33.4525295,-70.569918
"Av. Cardenal José María Caro 390, Santiago 8320054 Chile",-33.4349429,-70.6420009
"Vitacura 5461, Santiago 7630598 Chile",-33.3950331,-70.5789838
"Av. Pdte. Kennedy 4700, 7630454 Santiago, Vitacura, Región Metropolitana",-33.4025315,-70.5838084
Luis Pasteur 5393,,
"El Alcalde 15, Santiago 7550655 Chile",-33.4158983,-70.5952355
"Av. Las Condes 13451 Local L108, Santiago 7590923 Chile",-33.3711686,-70.5070914
"San J.M. Escrivá de Balaguer 6400, Santiago 7640859 Chile",-33.3816821,-70.579387
"Ernesto Pinto Lagarrigue 191, Santiago 8420496 Chile",-33.4323875,-70.6369339
"Franklin 741, Santiago, Santiago Chile",-33.4728193,-70.6428081
"Morandé 243, Santiago, Región Metropolitana, Santiago Chile",-33.4404496,-70.6534971
"Nataniel Cox 102, Santiago Chile",-33.44652,-70.6536099
"P.º Bulnes 182, 8320000, Santiago 8320000 Chile",-33.4482698,-70.6525831
"Padre Luis de Valdivia 361, Santiago 8320000 Chile",-33.43926,-70.6419395
"Monseñor Müller, 18, Santiago Chile",-33.4368921,-70.6293545
"Tegualda 1462, Santiago 7500618 Chile",-33.4477514,-70.6232751
"Av. Pocuro 2580, Santiago 7510746 Chile",-33.4333742,-70.5979078
"Avenida Nueva Los Leones 030 Local 32, Providencia 7510691 Chile",-33.419437,-70.6066715
"General Holley 2294 Loc. 2, Providencia Chile",-33.4202041,-70.60869
"Calle Bucarest 46, Providencia 7510031 Chile
",-33.4199291,-70.6072038
"Avda. Providencia 2528 Local 42, Santiago 00000 Chile",-33.4188921,-70.6038909
"Vicuña Mackena 135, Santiago 1530000 Chile",-33.4426016,-70.6338901
"Vitacura 4873, Santiago 7630000 Chile",-33.398272,-70.585191
"
Girardi 1365 Local Kambo Sushi, Sushi Vegano., Providencia 7501299 Chile",-33.4468813,-70.6243311
"Av.Italia 1468, Providencia 7501451 Chile",-33.4479075,-70.6243331
"Av. Italia 825 Providencia, Providencia 7501184 Chile",-33.4424241,-70.6264979